Tweet Content,Tweet URL,Category No.,,LEGEND,,,Distribution,
"Nets are resting Kyrie Irving tonight, Nets say. Both Durant and Irving out vs. Memphis.",https://twitter.com/wojespn/status/1343652556057272322,2,,0,Player News,,Player News,27
"Morey was fined for an anniversary tweet on a past Harden accomplishment with Rockets that popped up on his twitter feed. He deleted it several minutes later. Morey told league it was an inadvertent post from an automated app, sources said. https://t.co/HJmJUED460",https://twitter.com/wojespn/status/1343634855100379136,5,,1,League Logistics,,League Logistics,25
ESPN story on @KarlTowns dislocated left wrist and impending absence for the 2-0 Timberwolves: https://t.co/FFlrgcRPBp,https://twitter.com/wojespn/status/1343370710023077893,2,,2,Injury Report,,Injury Report,21
Nets ruled out Spencer Dinwiddie for rest of game with Charlotte because of a right knee strain.,https://twitter.com/wojespn/status/1343369346249355265,2,,3,Rumors,,Rumors,38
"Portland's Carmelo Anthony didn't make the trip to Los Angeles for Monday's game vs. the Lakers because of ""health and safety"" protocols, team says.",https://twitter.com/wojespn/status/1343363488282980353,2,,4,Team Transactions,,Team Transactions,100
"There‚Äôs optimism that this will be a relatively short-term absence for Towns, who‚Äôs led the Wolves to a 2-0 start with 22.6 points, 11.5 rebounds and 5 assists per game. Timberwolves play the Lakers tonight. https://t.co/A8O8rQ6zHp",https://twitter.com/wojespn/status/1343361319018364928,2,,5,Miscellaneous,,Miscellaneous,59
Timberwolves: Karl-Anthony Towns suffered a left wrist dislocation and will be re-evaluated weekly on a return to play plan. He won‚Äôt require surgery. A hand specialist evaluated Towns in LA today.,https://twitter.com/wojespn/status/1343361046204080134,2,,,,,,
Sources: MRI on left wrist of Minnesota star Karl-Anthony Towns shows no bone damage. Team calling him ‚Äúquestionable‚Äù for game against Lakers tonight. Wolves are one of four teams in the West off to a 2-0 start.,https://twitter.com/wojespn/status/1343296315455893506,2,,,,,,
"Portland has exercised the fourth year rookie scale option for Anfernee Simons and third year option for Nassir Little, sources tell ESPN.",https://twitter.com/wojespn/status/1343272459357876226,4,,,,,,
Harden completed a four-day quarantine on Friday. https://t.co/hYAVi50Zja,https://twitter.com/wojespn/status/1342891528809836544,0,,,,,,
"Rockets star James Harden has traveled to Portland and been cleared to play vs. the Blazers tonight, sources tell ESPN.",https://twitter.com/wojespn/status/1342890892907208707,2,,,,,,
Grizzlies missing a key bench performer now https://t.co/wA4pQ4Z7uK,https://twitter.com/wojespn/status/1342879215679635457,2,,,,,,
"The Lakers have begun engaging with starting point guard Dennis Schroder in contract extension talks, and those discussions are expected to pick up again as soon as mid-February, sources tell ESPN. https://t.co/isRlfv5qCH",https://twitter.com/wojespn/status/1342629993810173952,3,,,,,,
"The NBA is allowing exceptions for team physicians and health-related personnel and older staff members or those with conditions that deliver a higher risk for complications upon contracting the coronavirus, the memo said. https://t.co/2SRezERrQF",https://twitter.com/wojespn/status/1342259981735833607,1,,,,,,
ESPN story on NBA memo to teams reinforcing that organizations are forbidden to try and jump the line on administering coronavirus vaccines: https://t.co/dIajpi7fU4,https://twitter.com/wojespn/status/1342259293811335169,1,,,,,,
*have concluded,https://twitter.com/wojespn/status/1342250141219221504,5,,,,,,
"League also tells teams that they ""may not engage in efforts to procure or administer Covid-19 vaccinations on a team-wide basis"" that's not permissible under CDC or local public health guidance regarding vaccine prioritization, memo says. https://t.co/BpOIHEAIHx",https://twitter.com/wojespn/status/1342248814716063748,1,,,,,,
"NBA has informed teams that infectious disease and public health experts advising the league has concluded, consistent with FDA, that the new Pfizer and Moderna vaccines are ""safe and effective,"" league tells teams in a memo obtained by ESPN.",https://twitter.com/wojespn/status/1342248348229775362,1,,,,,,
"After surgery on his fractured left hand in New York today, Charlotte Hornets center Cody Zeller is expected to miss four-to-six weeks, source tells ESPN.",https://twitter.com/wojespn/status/1342229339883134977,2,,,,,,
"ESPN story on NBA requiring Houston's James Harden to remain in quarantine until Friday, clearing the way for him to play Saturday against the Blazers. https://t.co/oPVi9GW2eR",https://twitter.com/wojespn/status/1342159442205413383,5,,,,,,
"Essentially, NBA medical is directing a four-day quarantine that started on Tuesday. https://t.co/hXWjNdXAIo",https://twitter.com/wojespn/status/1342140463902560257,1,,,,,,
"Rockets guard James Harden will be required to isolate until Friday and continue to test negative for the coronavirus before being cleared to return to play, sources tell ESPN. He should be available to play Saturday vs Blazers.",https://twitter.com/wojespn/status/1342139253782929409,2,,,,,,
"The Kings are signing C Chimezie Metu to a two-way contract, source tells ESPN.",https://twitter.com/wojespn/status/1341961478170169345,4,,,,,,
"Too soon to tell how much time Zeller will miss, source tells ESPN, but a tough blow for Hornets on opening night. https://t.co/E3XnfgPF1S",https://twitter.com/wojespn/status/1341931583553613826,2,,,,,,
"Rockets and Harden are awaiting word on NBA medical staff to decide on how long of a quarantine will be necessary before he's cleared to return to the team. Besides the 50K fine for violating protocol, Harden will lose $284K in salary for each missed game.",https://twitter.com/wojespn/status/1341929434304163844,0,,,,,,
"Hornets C Cody Zeller fractured his left hand, team says.",https://twitter.com/wojespn/status/1341928662313132034,2,,,,,,
"After the NBA declared James Harden ""unavailable due to violation of health and safety protocols,"" it is still unclear to both Harden and the Rockets how long he'll be unavailable or whether he'll face league punishment, sources tell @ramonashelburne and me.",https://twitter.com/wojespn/status/1341875653319127041,2,,,,,,
"The Rockets don't have the required eight available players, league says.",https://twitter.com/wojespn/status/1341872675824779266,1,,,,,,
"Game is postponed, league says. https://t.co/47WBTLdS8W",https://twitter.com/wojespn/status/1341872463777574919,1,,,,,,
"The Houston Rockets and Oklahoma City Thunder game is in jeopardy of postponement tonight, sources tell ESPN. No final word yet.",https://twitter.com/wojespn/status/1341870168507637776,1,,,,,,
"Another Rockets player whose status is uncertain tonight pending contact tracing protocols: two-way rookie guard Mason Jones, sources tell ESPN.",https://twitter.com/wojespn/status/1341850016751771648,0,,,,,,
"League rules mandate that the Houston Rockets have eight eligible players to start the game vs. OKC tonight, and so far, it appears they'd have enough to do that. Still, the Rockets could be cutting it close.",https://twitter.com/wojespn/status/1341842393843322882,1,,,,,,
"ESPN Sources: In the past 24 hours, Rockets rookie KJ Martin had one positive coronavirus test result followed by a negative test result -- and now awaits results of an additional test. https://t.co/9PR8XX0NZk",https://twitter.com/wojespn/status/1341839766166384643,5,,,,,,
ESPN story on Rockets' contact tracing after several players -- including John Wall and DeMarcus Cousins -- gathered for haircuts: https://t.co/FNaLCpFFA3,https://twitter.com/wojespn/status/1341832403820666881,5,,,,,,
"There was a group of Houston players -- including Martin, John Wall, DeMarcus Cousins -- away from the facility at an apartment getting haircuts, sources said. That's led to the contact tracing on Wall and Cousins as team awaits more testing results on Martin, sources said.",https://twitter.com/wojespn/status/1341817481728581632,0,,,,,,
"Rockets C DeMarcus Cousins has tested negative for the coronavirus, source tells ESPN.",https://twitter.com/wojespn/status/1341817152496676864,0,,,,,,
"The Rockets contact tracing is connected to testing on rookie KJ Martin, sources tell ESPN. Martin is on team injury report now as ""not with team, self isolating."" https://t.co/nnOhyU8K2x",https://twitter.com/wojespn/status/1341815786457985027,2,,,,,,
"As Rockets disclosed yesterday, Ben McLemore is in self-isolation and out for tonight's game vs. OKC. McLemore tested positive for the coronavirus days ago, sources said, and has been in isolation. He isn't the teammate whose positive test initiated contact tracing today on team. https://t.co/VCH4pAVm2e",https://twitter.com/wojespn/status/1341807360369692674,2,,,,,,
"Houston guard John Wall has tested negative for the coronavirus, but is among a group of Rockets sent home today because of a positive test of another teammate, sources tell ESPN. That other player is getting tested again to confirm he's contracted the coronavirus, sources said.",https://twitter.com/wojespn/status/1341806775654297608,0,,,,,,
"@RyanHockensmith It‚Äôs on the way, Ryan! Beautiful story.",https://twitter.com/wojespn/status/1341774779334979584,5,,,,,,
"Sacramento Kings GM Monte McNair on The Woj Pod: The new job, Vivek and Luke Walton, Bogdanovic decision, wildest idea he remembers in Rockets front office, making analytics fit NBA real world, Jim Harbaugh fandom: 
 ESPN: https://t.co/mhDrrn2bGf
 Spotify: https://t.co/CcpJFTACWH",https://twitter.com/wojespn/status/1341469854600192000,5,,,,,,
"@mortreport @AdamSchefter Happy Birthday, üêê.",https://twitter.com/wojespn/status/1341204421083062272,5,,,,,,
"ESPN's front-office insider @BobbyMarks42 on what's next for players who didn't sign rookie extensions today, including Lonzo Ball, John Collins, Lauri Markkanen and Jarrett Allen on ESPN+: https://t.co/tmHaDQVahk",https://twitter.com/wojespn/status/1341171871128186881,4,,,,,,
"ESPN story on O.G. Anunoby and Raptors agreeing to a four-year, $72M contract extension with player option: https://t.co/ZQ0duzMf3d",https://twitter.com/wojespn/status/1341166037987946498,5,,,,,,
"Spurs and White gets a deal done before the 6 PM deadline. White is another one of the franchise's great development stories, the 29th overall pick in the 2017 NBA Draft becoming one of the team's future cornerstones. https://t.co/MilrdyLPbS",https://twitter.com/wojespn/status/1341158700287987712,4,,,,,,
"San Antonio Spurs guard Derrick White has agreed to a four-year, $73M extension, his agent Mike Lindeman of @excelsm_bball tells ESPN.",https://twitter.com/wojespn/status/1341157947334914048,4,,,,,,
"Remarkable rise for Anunoby, who arrived at Indiana for Tom Crean as the 294th ranked high school senior and entered the draft with Wilkes with a torn ACL on the way to the Raptors selecting him 23rd overall in 2017.",https://twitter.com/wojespn/status/1341154079192576002,0,,,,,,
"Toronto Raptors forward O.G. Anunoby has agreed to a four-year, $72 million extension, including a player-option for the 2024-2025 season, @KlutchSports Head of Basketball Omar Wilkes tells ESPN.",https://twitter.com/wojespn/status/1341153643056214021,4,,,,,,
"Jonathan Isaac has agreed to a four-year, $80M extension with the Orlando Magic, his agent Jeff Wechsler tells ESPN.",https://twitter.com/wojespn/status/1341148369415262208,4,,,,,,
"Long journey for Fultz, the former No. 1 overall pick, to a $50M rookie extension with the Magic. Orlando has been thrilled with his progress there, and he's become a key part of franchise's future. https://t.co/TTxCnzvn72",https://twitter.com/wojespn/status/1341145958118281220,4,,,,,,
"Markelle Fultz has agreed to a three-year, $50 million extension with Orlando, his agent Raymond Brothers of @RocNationSports tells ESPN.",https://twitter.com/wojespn/status/1341145517879930881,4,,,,,,
ESPN story on Luke Kennard and Clippers reaching agreement on four-year extension worth as much as $64M: https://t.co/m3ZS3j0gIF,https://twitter.com/wojespn/status/1341135213611671553,5,,,,,,
"The deal includes $56 million in guaranteed money, with a majority of the additional $8 million in incentives considered reachable, Mintz and Spahn say.",https://twitter.com/wojespn/status/1341132939724271622,4,,,,,,
"Los Angeles Clippers guard Luke Kennard has agreed to a four-year, $64 million contract extension, his agents Aaron Mintz and Dave Spahn of @caa_sports tell ESPN.",https://twitter.com/wojespn/status/1341131429921648641,4,,,,,,
"There will be no agreement on a rookie extension for Pelicans guard Lonzo Ball, @KlutchSports CEO Rich Paul tells ESPN. Ball will become a restricted free agent next summer. Both sides remain positive about the ability to move forward together, Paul tells ESPN.",https://twitter.com/wojespn/status/1341130677320867841,4,,,,,,
NBA announces loss of second-round pick for the Bucks. https://t.co/gHxSRj3lNO,https://twitter.com/wojespn/status/1341067526197932032,1,,,,,,
ESPN story on Kyle Kuzma and Lakers reaching agreement on a three-year rookie contract extension: https://t.co/nvTYKJj1Y9,https://twitter.com/wojespn/status/1340782563896545280,3,,,,,,
"Player option on a non-max rookie extension is a first in league, a creative wrinkle that allows Kuzma into unrestricted free agency in his prime at 28. Smart move and great benefit for Kuzma should he out-perform this deal headed into summer of 2023.",https://twitter.com/wojespn/status/1340777104884023296,4,,,,,,
"Los Angeles Lakers forward Kyle Kuzma has agreed to a three-year, $40M contract extension, including a player option on 2023-2024 season, sources tell ESPN.",https://twitter.com/wojespn/status/1340776951687114759,4,,,,,,
"Utah Jazz center Rudy Gobert has agreed to a five-year, $205M extension, @ESPN_MacMahon reports. Jazz‚Äôs two cornerstones ‚Äî Gobert and Donovan Mitchell ‚Äî are now under contract on long term deals. https://t.co/AELJdGiYKC",https://twitter.com/wojespn/status/1340673535077994496,4,,,,,,
"Danny Ferry is returning to the San Antonio Spurs in a front office consulting role, sources tell ESPN. Spurs are also adding USA Basketball's Samson Kayode in a player personnel role in the front office, sources said.",https://twitter.com/wojespn/status/1339991183452499969,,,,,,,
"Also in story: While the Sixers have signaled a willingness to include All-Star guard Ben Simmons in trade packages for Harden, those talks have come nowhere close to a deal, sources said. https://t.co/bbP3k3uNci",https://twitter.com/wojespn/status/1339714678344331265,3,,,,,,
ESPN reporting with @ramonashelburne: The Houston Rockets are increasingly expanding trade discussions on James Harden beyond his preferred destinations of Brooklyn and Philadelphia. Full story: https://t.co/pt6AByyywa,https://twitter.com/wojespn/status/1339713176296951808,5,,,,,,
"NBA Board of Governors are approving a March 25 trade deadline, sources tell ESPN.",https://twitter.com/wojespn/status/1339703170377900032,1,,,,,,
"Sources: Among items NBA Board of Governors are expected to approve in meeting this afternoon: Ryan Smith‚Äôs purchase of Utah Jazz, expanding active rosters to 15 on game nights, permanently adopting coaching challenge and amending several trade rules.",https://twitter.com/wojespn/status/1339688618437304321,1,,,,,,
"The Woj Pod w/ Ian Eagle: We did get to KD/Kyrie Nets, but detoured to his early broadcasting days on Exit 16W with Derrick Coleman and Yinka Dare; plus late nights with Raftery and broadcasting in COVID age. A fun visit. 
 https://t.co/CYZVK6HYh6
  https://t.co/UEf1PyiMgB",https://twitter.com/wojespn/status/1339600503085228038,5,,,,,,
"As @Giannis_An34 tweeted, he is signing his extension with the Bucks. His agent, Alex Saratsis, tells ESPN it will be for the full five-year, $228M super max, including an opt-out after the fourth year.",https://twitter.com/wojespn/status/1338913198775422977,4,,,,,,
ESPN reporting with @RamonaShelburne: The arrival of John Wall has left All-NBA guard James Harden unmoved and uninterested in pursuing a new partnership and the franchise star continues to push the Houston Rockets for a trade. https://t.co/v1ldmebYqd,https://twitter.com/wojespn/status/1338469547255459840,5,,,,,,
Full audio of Doris Burke on The Woj Pod: https://t.co/09WSCfXQJs https://t.co/CpVCXGaNYI,https://twitter.com/wojespn/status/1338335286061912070,5,,,,,,
"Free agent G Tyler Hall agreed to a non-guaranteed deal with the Knicks, source tells ESPN. He'll return to play another season with Westchester of the G-League.",https://twitter.com/wojespn/status/1337523384750661634,4,,,,,,
The enthusiasm leaps through your EarPods. Doris Burke on The Woj Pod: https://t.co/NWZ5pZ3bCQ https://t.co/dYDSsd7jGW,https://twitter.com/wojespn/status/1337417125661708288,5,,,,,,
"Former Chicago Bulls GM Gar Forman is joining the New Orleans Pelicans front office as a special advisor, sources tell ESPN. Forman will focus in the scouting area for David Griffin and Trajan Langdon.",https://twitter.com/wojespn/status/1337175762307338243,,,,,,,
"Spotify: https://t.co/09WSCfXQJs
 Apple: https://t.co/NWZ5pZ3bCQ https://t.co/zaDIIdoUyU",https://twitter.com/wojespn/status/1337130559659794434,5,,,,,,
ESPN story on All-Star F Paul George signing an extension with the Clippers that guarantees him as much as $226M over the next five years: https://t.co/ULnqbyESQ0,https://twitter.com/wojespn/status/1337101780249882624,5,,,,,,
"The Clippers are extending George‚Äôs contract for an additional four years, $190M on top of the $35.4M guaranteed him in the 2020-2021 season. George will have a new player option before the 2024-2025 season, Mintz said. https://t.co/3zrOc53WFT",https://twitter.com/wojespn/status/1337098891976650757,4,,,,,,
"All-Star forward Paul George has signed a maximum contract extension with the Los Angeles Clippers that‚Äôll guarantee him as much as $226 million over the next five years, his agent Aaron Mintz of @CAA_Basketball tells ESPN.",https://twitter.com/wojespn/status/1337098777807745028,4,,,,,,
"Hall of Fame analyst Doris Burke joins The Woj Pod to discuss the big storylines heading into the season: Giannis, Harden, the Lakers, the virus' impact on the league, much more.
 ESPN audio: https://t.co/Nv0XdHXuNI",https://twitter.com/wojespn/status/1337082277357031425,5,,,,,,
"Atlanta Hawks All-Star guard @TheTraeYoung is getting a signature shoe and apparel series with Adidas that launches in the fall of 2021, he tells @Rachel__Nichols on The Jump.",https://twitter.com/wojespn/status/1336767845640892421,0,,,,,,
What‚Äôs next for James Harden and the Rockets with @notthefakeSVP https://t.co/Xh5X8JFOi2,https://twitter.com/wojespn/status/1336556486227603456,5,,,,,,
"@SBondyNYDN We can dream, Stefan.",https://twitter.com/wojespn/status/1336471229692309505,5,,,,,,
"Coaches must wear masks at all times with limited exceptions when at team facilities or arena, during team travel and during practices and games, sources tell ESPN. https://t.co/NemTeew00d",https://twitter.com/wojespn/status/1336470894655508482,1,,,,,,
"NBA coaches are no longer required to wear a sports coats during games, sources tell @ZachLowe_NBA and me. Coaches must wear business attire (no track pants during games). Coaches must wear facemasks during games, sources said.",https://twitter.com/wojespn/status/1336470460821856259,1,,,,,,
"Andrew White has agreed to an Exhibit 10 deal with the Knicks, source tells ESPN.",https://twitter.com/wojespn/status/1336416898347622408,4,,,,,,
"Harden took his test at the Rockets' Toyota Center in Houston, league source tells ESPN. https://t.co/UJmSj9Ruf2",https://twitter.com/wojespn/status/1336388671654817797,0,,,,,,
"James Harden has arrived in Houston and tested in accordance with the NBA's protocol today, league source tells ESPN.",https://twitter.com/wojespn/status/1336387837839749124,0,,,,,,
Teams would be reluctant to give up the assets required to get a player of Harden‚Äôs caliber without confidence that he would be willing to remain long-term. Few contenders have ability to furnish Houston with the combination of assets that it‚Äôs seeking to consider dealing Harden. https://t.co/VQlSZCrUAa,https://twitter.com/wojespn/status/1336361820282621956,3,,,,,,
"Reporting w/ @ESPN_MacMahon: James Harden has recently indicated to Houston he'd be open to a trade to Philadelphia or other contenders. So far, no substantive talks with Sixers. Daryl Morey's been adamant he wants to keep his two young stars. https://t.co/9ZFKB8MSGx",https://twitter.com/wojespn/status/1336361078251511808,3,,,,,,
"ESPN story on G Monte Morris reaching agreement on a three-year, $27M extension with the Denver Nuggets: https://t.co/R64MTU4b00",https://twitter.com/wojespn/status/1336120825573937153,5,,,,,,
"Remarkable rise for Morris, the 51st overall pick in the 2017 NBA Draft.",https://twitter.com/wojespn/status/1336114515537240064,0,,,,,,
"Denver Nuggets G Monte Morris has agreed to a three-year, $27M extension, his agent Ron Shade tells ESPN.",https://twitter.com/wojespn/status/1336114210296762370,4,,,,,,
Three members of Raptors organization test positive for Covid-19. https://t.co/3yFEXNMZf4,https://twitter.com/wojespn/status/1335992982038786050,,,,,,,
"@mcten Great columnist, even better man. An absolute Philly legend. RIP John.",https://twitter.com/wojespn/status/1335733421251899394,5,,,,,,
"Happy 26th birthday to @Giannis_An34. 
 
 Episode 2: https://t.co/DvO2pB4MZL
 Episode 3: https://t.co/v3WL4VVkLt https://t.co/zZfpFzqYKb",https://twitter.com/wojespn/status/1335634078805225474,0,,,,,,
@RyanRuocco @CC_Sabathia @GeorgeAKingIII @R2C2 Congrats on retirement to one of the true greats.,https://twitter.com/wojespn/status/1335606512606195717,5,,,,,,
"ESPN reporting with @Baxter, @malika_andrews and @TimBontemps on the NBA warning of severe punishments to organizations and players in violation of COVID-19 guidelines this season: https://t.co/LFuB810gHW",https://twitter.com/wojespn/status/1335311960326479873,5,,,,,,
Full audio of Blazers president Neil Olshey on The Woj Pod: https://t.co/8w2OlGkrtQ https://t.co/bl2FeEZa3T,https://twitter.com/wojespn/status/1335290415495393280,5,,,,,,
"Teams are extremely aware of this element and it's a huge concern, especially with the punishments handed down in the NFL this season. https://t.co/rSTrpg8xHL",https://twitter.com/wojespn/status/1335289661204406274,1,,,,,,
"The NBA will also provide twice-a-week testing for household members of players and staff, memo says. League is encouraging that to ""enhance their protection throughout the season.""",https://twitter.com/wojespn/status/1335288123790684165,1,,,,,,
"Traveling amid the pandemic is a great challenge for teams in this new season; NBA and NBPA are searching for ways to allow some freedom, but also limit exposure to the virus. Teams will be notified of the vetting process for ""approved restaurants"" soon, league says. https://t.co/ukt9WvIjtd",https://twitter.com/wojespn/status/1335287431759794184,1,,,,,,
"At home, players and staff are not allowed to enter: Bars/lounges/clubs; live entertainment/gaming venues (with limited exceptions), public gyms/spas/pool areas, or large indoor social gatherings (15 or more people), NBA tells teams in expanded Health and Safety Guide.",https://twitter.com/wojespn/status/1335286403433984002,1,,,,,,
"NBA shared an additional Health and Safety guide w/ teams -- this time, 158 pages -- allowing for team/player dining at ""approved restaurants"" on trips, outdoor dining, or indoor restaurant in ""fully privatized space,"" according to document obtained by ESPN. Details, details.",https://twitter.com/wojespn/status/1335285429394923524,1,,,,,,
"@Ian_OConnor Ian: You‚Äôve long set the standard as as a tenacious reporter, columnist, author and friend. There‚Äôs a whole generation of us in debt to your generosity. Thrilled to know we will be reading you again soon.",https://twitter.com/wojespn/status/1335097100019900418,5,,,,,,
Full audio of Neil Olshey on The Woj Pod: https://t.co/GLh8aYeXpv https://t.co/fR9Gm5NL29,https://twitter.com/wojespn/status/1334982344760045569,5,,,,,,
"Blazers president Neil Olshey joins The Woj Pod: Retooling roster around Lillard/McCollum, impact of Carmelo Anthony on franchise, importance of established players amid pandemic uncertainty, remembering The Bubble. 
 ESPN: https://t.co/Ka4gdh6zNw
 Spotify: https://t.co/KZA3iwhmLl",https://twitter.com/wojespn/status/1334976514660708358,5,,,,,,
"@B_VillJC Happy Birthday, my friend!",https://twitter.com/wojespn/status/1334954021342367746,5,,,,,,
Russell Westbrook brings back his high school number: 4. https://t.co/jb1HgptAe3,https://twitter.com/wojespn/status/1334674743769915393,0,,,,,,
Sources: NBA‚Äôs Competition Committee registered strong support today for increasing league‚Äôs active player list for games from 13 to 15. Board of Governors must give final approval to a move that makes sense given shortened season and concerns over Covid impact on rosters.,https://twitter.com/wojespn/status/1334641456422719488,1,,,,,,
"Official: Anthony Davis has formally agreed to his five-year, $190M deal with the Lakers, @KlutchSports CEO Rich Paul tells ESPN. https://t.co/dvRpEb8C0r",https://twitter.com/wojespn/status/1334562002874806278,4,,,,,,
Best of the best. https://t.co/S7QuEH3wuv,https://twitter.com/wojespn/status/1334506584844742656,5,,,,,,
"ESPN story on free agent Anthony Davis finalizing a 5-year, $190M deal to stay with the Lakers: https://t.co/1ILYuhcvfI",https://twitter.com/wojespn/status/1334478164404350983,5,,,,,,
"All-NBA forward Anthony Davis is finalizing a five-year, $190M maximum contract to stay with the Los Angeles Lakers, @KlutchSports CEO Rich Paul tells ESPN. The deal includes an early termination option prior to fifth season in 2024-2025. Deal could be signed as soon as today.",https://twitter.com/wojespn/status/1334477520939474945,4,,,,,,
ESPN story on the Russell Westbrook-John Wall trade: https://t.co/oiMEO0yvFw,https://twitter.com/wojespn/status/1334316459598745600,5,,,,,,
"The two GM's -- Washington's Tommy Sheppard and Houston's Rafael Stone -- hadn't talked in weeks on the deal, but connected this afternoon and had a deal done within a few hours, sources tell ESPN. https://t.co/qmuPclNoU5",https://twitter.com/wojespn/status/1334303767399952391,4,,,,,,
"Houston has agreed to trade Russell Westbrook to Washington for John Wall and a first-round pick, sources tell ESPN.",https://twitter.com/wojespn/status/1334300248743813125,4,,,,,,
ESPN story on Joakim Noah -- one of the era's most thoughtful and tenacious players -- exiting the Clippers and headed toward retirement. https://t.co/XZ50GT1ZmS,https://twitter.com/wojespn/status/1333965047861809153,5,,,,,,
"Duffy: ""It‚Äôs been my honor to represent Joakim through his journey.‚Äù https://t.co/bo9kbfMOKB",https://twitter.com/wojespn/status/1333961531101474816,5,,,,,,
"Bill Duffy on Noah: ‚ÄúWhat an illustrious career for Joakim, starting with two national titles at the University of Florida, to becoming an NBA Defensive Player of the Year and ultimately evolving into one of the most passionate, spirited players to ever come through our sport..."" https://t.co/w0t8Gkbghv",https://twitter.com/wojespn/status/1333961440512913408,0,,,,,,
"Clippers are waiving center Joakim Noah -- and his agent, Bill Duffy of @BDA_Sports, tells ESPN that Noah is ‚Äúlikely headed toward retirement.‚Äù One of his era‚Äôs most ferocious competitors, Noah played 13 seasons, made two All-Star games and was a 3-time All-Defensive team choice.",https://twitter.com/wojespn/status/1333960932989472768,4,,,,,,
ESPN story on guard Reggie Jackson returning to the Clippers on a one-year deal: https://t.co/VE0QmM8IP3,https://twitter.com/wojespn/status/1333951670825480199,5,,,,,,
ESPN Sources: Tentative Christmas Day Schedule https://t.co/MId025HKvB,https://twitter.com/wojespn/status/1333944080682917889,1,,,,,,
"Free agent guard Reggie Jackson is returning to the Los Angeles Clippers on a one-year deal, sources tell ESPN. Jackson is expected to play a prominent role in the Clippers backcourt rotation.",https://twitter.com/wojespn/status/1333936089141293061,4,,,,,,
"Guard R.J. Hampton -- the 24th pick in the 2020 NBA Draft -- has signed his rookie deal with the Denver Nuggets, agent @DanielWFrank of Lift Sports Management tells ESPN. Hampton completed his buyout agreement with the New Zealand Breakers on Monday night, Frank said.",https://twitter.com/wojespn/status/1333810031746277378,4,,,,,,
ESPN story on Lithuanian G/F Deividas Sirvydis agreeing to a three-year deal to join the Detroit Pistons. https://t.co/Xrr3MwUHhF,https://twitter.com/wojespn/status/1333805396801298433,5,,,,,,
"Lithuanian G/F Deividas Sirvydis has agreed to a three-year contract with the Detroit Pistons, agent Michael Tellem of @caa_sports and agent Marius Rutkauskas tell ESPN. Sirvydis was selected with the 37th overall pick in the 2019 NBA Draft.",https://twitter.com/wojespn/status/1333794441652432906,4,,,,,,
"Free agent C Ike Anigbogu has signed a deal with the New Orleans Pelicans, source tells ESPN. Anigbogu, 22, was an Indiana second-round pick in 2017.",https://twitter.com/wojespn/status/1333781912712867840,4,,,,,,
"LaMelo Ball ‚Äî the No. 3 overall pick in the NBA Draft ‚Äî has signed his rookie contract with the Charlotte Hornets, his agent Raymond Brothers of @RocNationSports tells ESPN.",https://twitter.com/wojespn/status/1333566246575611904,4,,,,,,
Dudley comes back to the Lakers for his 14th NBA season. He played 45 regular season games and nine in the postseason in LA‚Äôs title run. His presence in that locker room carries great value within the organization. https://t.co/rLYVPJyxu8,https://twitter.com/wojespn/status/1333560223823491073,0,,,,,,
"Free agent G Jared Dudley has agreed to a 1-year, $2.6M deal to return to the Lakers, agent Mark Bartelstein of @PrioritySports tells me and @ZachLowe_NBA.",https://twitter.com/wojespn/status/1333558277079265282,4,,,,,,
"Two-year guaranteed deal for Oturu, the Big 10 leader in rebounds and blocks, his agent @KB_Sports tells ESPN. https://t.co/2XRluoGJhO",https://twitter.com/wojespn/status/1332762057117143042,4,,,,,,
ESPN story on the NBA laying out Covid-19 protocols on cusp of training camps: https://t.co/ox3KkcEJIf,https://twitter.com/wojespn/status/1332742633765138434,5,,,,,,
"Michigan State F Xavier Tillman Sr., -- the 35th pick in the draft -- is signing a four-year deal with the Memphis Grizzlies, sources tell ESPN. The Grizzlies moved up on draft night to secure Tillman Sr., in a trade.",https://twitter.com/wojespn/status/1332732814232612866,4,,,,,,
"Under ""Circumstances for Cancellation of 2020-2021 season,"" NBA says: Occurrence of independent cases (i.e, cases not spread among players or team staff) or a small or otherwise expected number of COVID-19 cases will not require a decision to suspend or cancel the 2020-21 season.",https://twitter.com/wojespn/status/1332728335642800129,1,,,,,,
One of the key facts of protocol guide: https://t.co/OzIeKmTQpn,https://twitter.com/wojespn/status/1332726399875035138,1,,,,,,
"As NBA organizations begin daily coronavirus testing this weekend and prepare for start of training camps next week, teams were issued a 134-page ""Health and Safety Protocol Guide"" for the 2020-2021 season this morning, per sources. Now, the NBA tries this outside of a bubble.",https://twitter.com/wojespn/status/1332722887774662658,1,,,,,,
"San Antonio has signed the 41st pick in the draft ‚Äì Duke guard Tre Jones ‚Äì to a three-year deal, agent @KB_Sports of @BDA_Sports tells ESPN. A three-year deal allows Jones to enter restricted free agency sooner than the traditional four-year contract of second-round picks.",https://twitter.com/wojespn/status/1332429527344156673,4,,,,,,
*THREE future second-round picks,https://twitter.com/wojespn/status/1332410440689856515,,,,,,,
"Cavaliers gathered there future second-round picks in past 10 days in deals with Bucks, Lakers and Jazz. https://t.co/BbLfRwAQC5",https://twitter.com/wojespn/status/1332410211655626752,,,,,,,
"Jazz are sending G Rayjon Tucker and a future second-round pick to the Cavaliers for cash, sources tell ESPN.",https://twitter.com/wojespn/status/1332409384736071681,4,,,,,,
"Free agent F Alize Johnson has agreed to a deal with the Toronto Raptors, source tells ESPN. Johnson spent the past two seasons with the Pacers.",https://twitter.com/wojespn/status/1332390345284456448,4,,,,,,
"Free agent F/C Frank Kaminsky has agreed to a one-year deal with the Sacramento Kings, his agent @KB_Sports of BDA Sports tell ESPN.",https://twitter.com/wojespn/status/1332075552920973316,4,,,,,,
"Free agent G Zach Norvell has agreed to a one-year deal with the Chicago Bulls, agents Reggie Brown and Andy Shiffman of @PrioritySports tell ESPN.",https://twitter.com/wojespn/status/1332041979228794886,4,,,,,,
"The 76ers agreed to a one-year deal with free agent G Derrick Walton Jr., sources tell ESPN.",https://twitter.com/wojespn/status/1332028770614652928,4,,,,,,
"Free agent G Kelan Martin has agreed to a two-year deal with the Indiana Pacers, agent Mike Lindeman of @excelsm_bball tells ESPN.",https://twitter.com/wojespn/status/1332009987992924163,4,,,,,,
"Free agent F Noah Vonleh has agreed to a one-year deal with the Chicago Bulls, agent Jim Tanner of @_tandemse and @YouFirstSports tells ESPN.",https://twitter.com/wojespn/status/1331980885114163202,4,,,,,,
"Free agent center Hassan Whiteside has agreed to a one-year deal with the Sacramento Kings, sources tell ESPN.",https://twitter.com/wojespn/status/1331731440225177600,4,,,,,,
"Dr. Richard Ferkel performed the surgery in Los Angeles today and it was considered a success, per source. https://t.co/fp4kftXypk",https://twitter.com/wojespn/status/1331721285991354374,5,,,,,,
"Golden State Warriors All-Star G Klay Thompson underwent surgery today to repair his torn Achilles, source tells ESPN. He is expected to make a full recovery.",https://twitter.com/wojespn/status/1331720858839166977,2,,,,,,
"The scouting of Giannis: Hawks executive Wes Wilcox sees a glimmer of ... Magic. 
 
 Episode 2 of The Giannis Draft: https://t.co/bYWc1Xp2Cu https://t.co/Sd0eFvWFdD",https://twitter.com/wojespn/status/1331660860402622465,0,,,,,,
"As expected, NBA postpones 2021 All-Star in Indianapolis. City will get game in 2024.",https://twitter.com/wojespn/status/1331659584155643905,1,,,,,,
"Whatever the final details, Gordon Hayward is headed to Charlotte on a four-year, $120M contract. https://t.co/o9DqjEZeYj",https://twitter.com/wojespn/status/1331629313066676224,4,,,,,,
"Sources: Boston and Charlotte have worked on a sign-and-trade for Gordon Hayward that would land Celtics a trade exception, but Hornets have first been trying to find a third team for Nic Batum's $27M contract to see if there's a way to avoid waiving-and-stretching his money.",https://twitter.com/wojespn/status/1331628971805564931,3,,,,,,
"Former Knicks interim coach Mike Miller is joining Oklahoma City coach Mark Daigneault's staff as an assistant, sources tell ESPN.",https://twitter.com/wojespn/status/1331624405408092161,4,,,,,,
Props to all those nimble draft order minds out there: Dropped to No. 12.,https://twitter.com/wojespn/status/1331428115176976384,5,,,,,,
"ESPN story on Sacramento declining to match Bogdan Bogdanovic's $72M offer sheet, allowing him to join Atlanta's free agency class. https://t.co/JjlBEvTEUk",https://twitter.com/wojespn/status/1331423150014406656,5,,,,,,
"For Hawks GM Travis Schlenk, it was a wise gamble to overpay market value on Bogdanovic. That‚Äôs how you land players in restricted free agency. Now, Bogdan joins Danilo Gallinari as centerpieces of an ATL free agency class that's reshaped roster around All-Star guard Trae Young.",https://twitter.com/wojespn/status/1331418574628515840,0,,,,,,
"And once Tyrese Haliburton dropped to the Kings at No. 11 in Wednesday‚Äôs draft, Sacramento suddenly had a deeper, more talented backcourt than they originally anticipated heading into free agency --- another factor in this decision. https://t.co/R5l8il2WZn",https://twitter.com/wojespn/status/1331417956081946626,5,,,,,,
"Kings front office labored over the decision, but kept coming back to new GM Monte McNair‚Äôs plan to maintain roster flexibility. Keeping Bogdanovic would‚Äôve severely limited the organization‚Äôs ability to continue reshaping the team around its young core of Fox, Bagley and Hield. https://t.co/d4tuT8IRkD",https://twitter.com/wojespn/status/1331417740779859976,5,,,,,,
"The Sacramento Kings have declined to match the Atlanta Hawks‚Äô four-year, $72 million offer sheet for restricted free agent guard Bogdan Bogdanovic, sources tell ESPN.",https://twitter.com/wojespn/status/1331417455969898496,4,,,,,,
"Free agent G Wayne Ellington has agreed to a one-year, $2.6M deal with the Detroit Pistons, agent Mark Bartelstein of @PrioritySports tells ESPN.",https://twitter.com/wojespn/status/1331383863566872576,4,,,,,,
"Free agent guard Frank Jackson has agreed to a deal with the Oklahoma City Thunder, source tells ESPN.",https://twitter.com/wojespn/status/1331382093306355712,4,,,,,,
"Free agent F Ryan Broekhoff has agreed to a deal with the Philadelphia 76ers, agent Andy Shiffman of @PrioritySports tells ESPN.",https://twitter.com/wojespn/status/1331352209003515907,4,,,,,,
"FOURTH player in the class, including Pascal Siakam! https://t.co/Usx1QSUizS",https://twitter.com/wojespn/status/1331324669530693633,5,,,,,,
Brandon Ingram joins Ben Simmons and Jamal Murray as the third member of the 2016 NBA Draft class to get a max contract extension. https://t.co/jlfkZKUVSg,https://twitter.com/wojespn/status/1331323614776467456,0,,,,,,
"Ingram passed on a more modest extension offer a year ago after arriving from Lakers in the Anthony Davis trade. He counted on a bigger role to elevate his performance and earning power, and it did. Ingram earned a Western Conference All-Star berth and now cashes in on max deal. https://t.co/SFLtBdX3p5",https://twitter.com/wojespn/status/1331321312581738498,0,,,,,,
"New Orleans Pelicans All-Star F Brandon Ingram has agreed to a five-year, $158 million maximum contract extension, his agents Jeff Schwartz and Jordan Gertler of @excelsm_bball tell ESPN.",https://twitter.com/wojespn/status/1331320678637854721,4,,,,,,
"Boston Celtics G-League coach Darren Erman is finalizing a deal to join Tom Thibodeau‚Äôs staff with the New York Knicks, sources tell ESPN. Erman coached the Maine Red Claws in 2019-2020 after four years as New Orleans‚Äô associate head coach.",https://twitter.com/wojespn/status/1331247256213852174,4,,,,,,
"One-year, minimum deal on Dellavedova's return to the Cavaliers, source tells ESPN https://t.co/2dzHpRBjXi",https://twitter.com/wojespn/status/1330977363757326336,4,,,,,,
Markieff Morris tweets he‚Äôs returning to Lakers. https://t.co/Q87vve4lKS,https://twitter.com/wojespn/status/1330926318314266627,4,,,,,,
"Free agent G Damyean Dotson has agreed to a two-year, $4M deal with the Cleveland Cavaliers, his agent Chris Gaston of @Famfirstsports tells ESPN.",https://twitter.com/wojespn/status/1330924334416879623,4,,,,,,
ESPN story on Dario Saric agreeing to a $27M deal to stay with Suns: https://t.co/PJPCDLkwaB,https://twitter.com/wojespn/status/1330915034302734336,5,,,,,,
"Free agent F Solomon Hill has agreed to a one-year deal with the Atlanta Hawks, sources tell ESPN.",https://twitter.com/wojespn/status/1330914192707248128,4,,,,,,
"Another key, versatile Suns piece locked-in as the franchise tries to make a run back toward the playoffs. https://t.co/208dnWK3Cr",https://twitter.com/wojespn/status/1330896145674104835,5,,,,,,
"Dario Saric has agreed to a three-year, $27M deal to stay with Phoenix, agents Jeff Schwartz and Mike Lindeman of @excelsm_bball tell ESPN.",https://twitter.com/wojespn/status/1330895795269210121,4,,,,,,
"ESPN App: One App, One Tap: https://t.co/dof8ZCymqF",https://twitter.com/wojespn/status/1330886748373716992,5,,,,,,
@CFL I'm a fan!,https://twitter.com/wojespn/status/1330712071810461699,5,,,,,,
"@AdamSchefter They're in the NBA, not the CFL.",https://twitter.com/wojespn/status/1330710873959264268,5,,,,,,
"Chris Boucher has agreed to a two-year, $13.5M deal to stay with the Toronto Raptors, his agent Sam Permut of @RocNationSports tells ESPN.",https://twitter.com/wojespn/status/1330678162892709888,4,,,,,,
Both are on non-guaranteed deals that the Lakers can waive. https://t.co/xnFWdVTHv3,https://twitter.com/wojespn/status/1330675173226389506,4,,,,,,
"Cleveland is trading Jordan Bell and Alfonzo McKinnie to the Lakers in the Gasol deal, sources tell ESPN.",https://twitter.com/wojespn/status/1330674926026698753,4,,,,,,
"Gasol will sign a two-year deal, sources tell @ZachLowe_NBA and me.",https://twitter.com/wojespn/status/1330674052659294209,3,,,,,,
"Marc Gasol was drafted by the Lakers, but had his rights traded to Memphis for his brother, Pau, before he ever played an NBA game. Now, he'll get a chance to help the Lakers win back-to-back titles. https://t.co/ztEI09NFl0",https://twitter.com/wojespn/status/1330673760752594945,0,,,,,,
"Marc Gasol is finalizing a deal to sign with the Lakers, sources tell me and @ZachLowe_NBA.",https://twitter.com/wojespn/status/1330673107414216705,4,,,,,,
"JaVale trade clears the way for the Lakers to have the available money to sign Marc Gasol, sources tell ESPN. Deal is still being worked out.",https://twitter.com/wojespn/status/1330672740819480581,3,,,,,,
"Lakers are sending McGee and a future-second round pick to Cavaliers, source tells ESPN. https://t.co/oVWXtMphII",https://twitter.com/wojespn/status/1330671903724371968,4,,,,,,
"The Lakers are trading JaVale McGee to Cleveland, source tells ESPN.",https://twitter.com/wojespn/status/1330671803677765633,4,,,,,,
"Update on Rivers' contract: Three years, $10M, source tells ESPN. https://t.co/mfOQ2XIne7",https://twitter.com/wojespn/status/1330667778987069442,4,,,,,,
"As @IanBegley says, Knicks turned Davis' arrival and departure into three second-round picks.",https://twitter.com/wojespn/status/1330665340666335233,4,,,,,,
Davis is a sensible addition for Minnesota. A physical vet off the frontcourt bench -- and a terrific pro for a young roster.,https://twitter.com/wojespn/status/1330664768487772162,0,,,,,,
"Minnesota is trading Omari Spellman and Jacob Evans and a future second-round pick to New York for F Ed Davis, sources tell ESPN.",https://twitter.com/wojespn/status/1330661781283483651,4,,,,,,
"Great opportunity for TJ Leaf, the 18th overall pick in the 2017 Draft who was never able to crack former coach Nate McMillans' rotation with Pacers. As the Thunder rebuild, Leaf -- a 6-10 forward -- gets a chance to earn minutes with Thunder. https://t.co/MGYbIUuP64",https://twitter.com/wojespn/status/1330652876650274820,0,,,,,,
"The Pacers are trading F TJ Leaf a future second-round pick to OKC for Lecque, source tells ESPN.",https://twitter.com/wojespn/status/1330651862148800512,4,,,,,,
"One year deal for Rivers, per source. https://t.co/mfOQ2XZYCH",https://twitter.com/wojespn/status/1330648455128166403,4,,,,,,
"Free agent Austin Rivers has agreed to deal with Knicks, source tells ESPN.",https://twitter.com/wojespn/status/1330648312899383298,4,,,,,,
"Tatum's extension includes a player option after the fourth year of the deal in 2025, source tells ESPN. https://t.co/SfGjPRc3J5",https://twitter.com/wojespn/status/1330635818931773443,4,,,,,,
One more deserving rookie max extension candidate in this 2017 draft class: Miami‚Äôs Bam Adebayo. https://t.co/GMCFdTUq2t,https://twitter.com/wojespn/status/1330635011943501833,0,,,,,,
"Tatum gets the full designated rookie max extension, with the All-NBA escalators that'll take it near $200M, sources said. Tatum's agent Jeff Wechsler and Celtics finalized details today. https://t.co/SfGjPRc3J5",https://twitter.com/wojespn/status/1330629062402973700,4,,,,,,
"Jayson Tatum has agreed to a five-year, $195M extension with the Celtics, source tells ESPN.",https://twitter.com/wojespn/status/1330628024149094402,4,,,,,,
"Smith's had a difficult first two seasons in NBA with Sixers, playing only 13 games because of injury/illness. He was the 16th pick in 2018 Draft out of Texas Tech. Like Josh Jackson, another play on a young player for Pistons. Bradley's a 7-footer to play behind Embiid/Howard. https://t.co/8l8qA2zCu4",https://twitter.com/wojespn/status/1330623003848282112,0,,,,,,
"The 76ers are trading G Zhaire Smith to the Pistons for C Tony Bradley, sources tell ESPN.",https://twitter.com/wojespn/status/1330621750661566466,4,,,,,,
"Five years, $80M for Bertans to stay with the Wizards https://t.co/1szqfRA7Zv",https://twitter.com/wojespn/status/1330585717332975623,4,,,,,,
ESPN story on Utah Jazz All-Star guard Donovan Mitchell reaching agreement on a five-year max contract extension: https://t.co/cUMOkiuD6z,https://twitter.com/wojespn/status/1330581150704791553,4,,,,,,
"Restricted free agent F Jontay Porter has agreed to a three-year, $6M deal to stay with the Memphis Grizzlies, agents Mark Bartelstein and Andy Shiffman of @PrioritySports tell ESPN.",https://twitter.com/wojespn/status/1330578635422568452,4,,,,,,
"Free agent C Damian Jones has agreed to a two-year deal with the Phoenix Suns, sources tell ESPN.",https://twitter.com/wojespn/status/1330577043055063045,4,,,,,,
"Guard Quinndary Weatherspoon is returning to the San Antonio Spurs on a two-way contract, his agent Daniel Hazan tells ESPN.",https://twitter.com/wojespn/status/1330575426993987585,4,,,,,,
"An important fit for the Bucks, especially because of the way Craig can guard all over the floor. With Denver, Michael Malone used Craig to defend many of the elite wings in the Western Conference. https://t.co/hC4s1G0Wwy",https://twitter.com/wojespn/status/1330565007667572737,0,,,,,,
"Free agent Torrey Craig has reached agreement on a deal with the Milwaukee Bucks, his agents Dave Spahn and Austin Brown of @CAA_Basketball tell ESPN.",https://twitter.com/wojespn/status/1330560740302999552,4,,,,,,
The deal is guaranteed for $163M and could increase to the $195M by meeting the All-NBA criteria for the 2020-2021 season. https://t.co/llOeo4t1Xl,https://twitter.com/wojespn/status/1330560476296654853,4,,,,,,
"Utah Jazz All-Star guard Donovan Mitchell has agreed to a five-year, $195M designated rookie max extension, his agents Ty Sullivan and Austin Brown of @caa_sports tell ESPN. Story soon.",https://twitter.com/wojespn/status/1330559384070578178,4,,,,,,
"Through trades and free agency, Neil Olshey has filled holes at PF (Covington and Carmelo), strengthened wing depth (D. Jones, Hood) and solidified frontline (Kanter). At 6-10, Giles is a more athletic frontline alternative and fits younger team timeline with Trent/Simons/Little. https://t.co/vitZi3yXsn",https://twitter.com/wojespn/status/1330557708626501635,5,,,,,,
"Bucks GM Jon Horst has replenished his bench in free agency, adding two veteran guards -- Forbes and DJ Augustin -- and F Bobby Portis. https://t.co/a72YLV0JCH",https://twitter.com/wojespn/status/1330555512967077892,5,,,,,,
"Giles, 22, was the No. 20 pick in the 2017 draft to the Kings. He's battled knee problems in his career, but has shown to be a highly skilled young forward. https://t.co/vitZi3yXsn",https://twitter.com/wojespn/status/1330554814070186014,5,,,,,,
"Forbes, 27, leaves the Spurs and joins the Bucks for the opportunity to play a significant role on a championship contender. Forbes will have a player option in the second year of the deal, source tells ESPN. https://t.co/fpg7W0FtJN",https://twitter.com/wojespn/status/1330553973384892418,4,,,,,,
"Free agent Harry Giles has agreed to a one-year deal with the Portland Trail Blazers, source tells ESPN.",https://twitter.com/wojespn/status/1330553635214929922,4,,,,,,
"Free agent guard Bryn Forbes has agreed to a two-year deal with the Miwaukee Bucks, his agent Mike Lindeman of @excelsm tells ESPN.",https://twitter.com/wojespn/status/1330553478909997056,4,,,,,,
"Episode 2: https://t.co/FRRAeV16Xk
 Episode 3: https://t.co/nD3lygQ8zz https://t.co/zZfpFzqYKb",https://twitter.com/wojespn/status/1330527525366280194,5,,,,,,
"Another Western Conference team showing interest in signing Marc Gasol, sources tell ESPN: Golden State. https://t.co/L2uGswJn82",https://twitter.com/wojespn/status/1330375114488221696,3,,,,,,
"At this hour, Toronto is still working to convince free agent Marc Gasol to return on a new deal, sources tell ESPN. https://t.co/p8kHA9js0k",https://twitter.com/wojespn/status/1330371969347448834,3,,,,,,
"Deal will include a player option in the second year, per source. https://t.co/8laEdy5KmO",https://twitter.com/wojespn/status/1330368546015207424,4,,,,,,
"Free agent Serge Ibaka plans to sign a 2-year, $19M deal with the Clippers, source tells ESPN.",https://twitter.com/wojespn/status/1330368396404404227,4,,,,,,
"Restricted free agent G Jevon Carter has agreed to a three-year, $11.5M deal to stay with the Suns, agent Mark Bartelstein of @PrioritySports tells ESPN.",https://twitter.com/wojespn/status/1330351540008325121,4,,,,,,
"$5M for the season, @KlutchSports agents Rich Paul and Lucas Newton tell ESPN. https://t.co/JMAkhZfOhj",https://twitter.com/wojespn/status/1330326039797641217,4,,,,,,
"Free agent C Nerlens Noel has agreed to a one-year deal with the New York Knicks, sources tell ESPN.",https://twitter.com/wojespn/status/1330325503132258305,4,,,,,,
"Free agent G Brad Wanamaker has agreed to a one-year, $2.25M deal to join the Golden State Warriors, his agent Steve McCaskill tells ESPN. Wanamaker played a productive role with Celtics ‚Äì and now‚Äôs expected to see some significant minutes as Steph Curry‚Äôs backup.",https://twitter.com/wojespn/status/1330314710584086530,4,,,,,,
"Denver has pulled the qualifying offer on forward Torrey Craig, which allows him to become an unrestricted free agent, source tells ESPN. The Nuggets have valued Craig, but ran out of roster spots for him.",https://twitter.com/wojespn/status/1330281434033123330,,,,,,,
"Elfrid Payton has agreed to one-year, $5M deal with Knicks, agents Aaron Mintz and Ty Sullivan of @CAA_Basketball tell ESPN.",https://twitter.com/wojespn/status/1330274911068315649,4,,,,,,
"Hawks are determined to get better defensively in the backcourt rotation, bringing on Rondo and Kris Dunn on two-year deals. https://t.co/pn3tayvhAA",https://twitter.com/wojespn/status/1330262544800505860,,,,,,,
"Free agent guard Rajon Rondo has agreed to a two-year, $15M contract with the Atlanta Hawks, sources tell ESPN.",https://twitter.com/wojespn/status/1330262122094338053,4,,,,,,
"Breaking on @BonniesMBB: Free agent guard Jaylen Adams has agreed to a two-way deal with the Milwaukee Bucks, agent @MikeGTdot of @OneLegacySports tells ESPN.",https://twitter.com/wojespn/status/1330250482300940289,4,,,,,,
"Milwaukee has numerous moving parts on multiple fronts, so Connaughton's deal was reshaped to stay with Milwaukee. https://t.co/FVEmTghTPg",https://twitter.com/wojespn/status/1330249284244148229,,,,,,,
"Free agent guard Pat Connaughton is returning to the Bucks on a longer than originally anticipated deal ‚Äì 3 years, $16M -- agents Jeff Schwartz and Jordan Gertler of @ExcelSM_bball tell ESPN. https://t.co/4sWp1un9Xb",https://twitter.com/wojespn/status/1330248835294179332,,,,,,,
"Free agent Gary Clark has agreed to a two-year, $4.1M deal to stay with Orlando, source tells ESPN.",https://twitter.com/wojespn/status/1330236035696091138,,,,,,,
"The Hornets will waive Nic Batum to create cap space to sign Gordon Hayward, reports @rick_bonnell.",https://twitter.com/wojespn/status/1330231058537844739,,,,,,,
The Celtics have lost two max contract players in the past to free agency in the past two years -- Kyrie Irving and Hayward. https://t.co/RimaSry8q2,https://twitter.com/wojespn/status/1330218022502617096,,,,,,,
"Hayward signed an offer sheet with Charlotte in 2014 as a restricted free agent. Utah matched and kept him. This time, Charlotte gets Hayward.",https://twitter.com/wojespn/status/1330217292395933698,,,,,,,
Agent Mark Bartelstein of @PrioritySports confirms deal now to ESPN -- Hayward leaving the Celtics for the Hornets on a $120M free agent deal. https://t.co/OYnMbp53Xj,https://twitter.com/wojespn/status/1330216909317562378,,,,,,,
"Free agent Gordon Hayward is signing a 4-year, $120M deal with Charlotte, per source.",https://twitter.com/wojespn/status/1330216568450650113,,,,,,,
"Free agent guard DJ Augustin has agreed to a three-year, $21M deal with Milwaukee, source tells ESPN.",https://twitter.com/wojespn/status/1330198362042343427,,,,,,,
"Dunn, 26, leaves the Bulls after three seasons. He has developed into one of the league's best defenders, a talent that'll make him a valuable addition to an offensive-minded Hawks team. https://t.co/b7YZHtHrsL",https://twitter.com/wojespn/status/1330184347304013825,,,,,,,
"Free agent guard Kris Dunn has agreed to a two-year, $10M deal with the Atlanta Hawks, sources tell ESPN. Player option on the second year.",https://twitter.com/wojespn/status/1330183029353025540,,,,,,,
Harkless turned down more lucrative deals for a chance to play a prominent role with defending Eastern Conference champions -- and re-enter a more cash-flushed free agent marketplace in 2021. https://t.co/hMY4LMgS6D,https://twitter.com/wojespn/status/1330170013119115268,,,,,,,
"Free agent F Moe Harkless has agreed to a one-year, $3.6M deal with the Miami Heat, sources tell ESPN.",https://twitter.com/wojespn/status/1330169612886044672,,,,,,,
"As part of the trade, guard Eric Bledsoe is staying with the Pelicans, sources tell ESPN. https://t.co/8zAmO5VOeW",https://twitter.com/wojespn/status/1330167095984869378,,,,,,,
"As part of four-team Steven Adams trade, Thunder also receive George Hill, Darius Miller, 2023 Denver protected first-round pick and second-round picks in 2023 (via Charlotte) and 2024 (via Washington), sources tell ESPN.",https://twitter.com/wojespn/status/1330163360403484681,,,,,,,
"Free Agency, Day 2. Let‚Äôs go! https://t.co/ryiiVB8chj",https://twitter.com/wojespn/status/1330119739444785152,,,,,,,
@RjHampton14 You never left RJ ‚Äî even if I can‚Äôt type a clear sentence!,https://twitter.com/wojespn/status/1330041082881699844,,,,,,,
To be clear: Denver traded a 2023 protected first-round pick to New Orleans for the draft rights to RJ Hampton --- and THAT 2023 pick is headed thru to Oklahoma City in the Adams deal. RJ Hampton remains a Nugget.,https://twitter.com/wojespn/status/1330039310125584384,,,,,,,
New Orleans is routing that Denver pick to OKC --- a far easier way to explain it. https://t.co/x8jpJv9eWR,https://twitter.com/wojespn/status/1330036767702069248,,,,,,,
"Sources: The Steven Adams-to-Pelicans trade includes Denver, which traded a 2023 lottery protected first-round pick for the 24th pick (RJ Hampton) on draft night. That pick is headed to the Thunder -- along with two seconds -- for Adams.",https://twitter.com/wojespn/status/1330036549388554242,,,,,,,
"The Thunder have agreed in principle to trade Steven Adams to the Pelicans as part of a multi-team trade, sources tell ESPN. OKC is getting back -- wait for it -- future first-round pick and second-round picks.",https://twitter.com/wojespn/status/1330034629387096066,,,,,,,
"Here's the deal: The Mavericks gets James Johnson; Pistons get Delon Wright; OKC gets Ariza, Jackson and pick. https://t.co/ezb9dXnpGw",https://twitter.com/wojespn/status/1330033885518974982,,,,,,,
"Clarification: Trevor Ariza (Detroit) and Justin Jackson (Dallas) are headed to OKC as part of the trade, sources tell ESPN. https://t.co/nQz9Sza6OX",https://twitter.com/wojespn/status/1330033594602053638,,,,,,,
"Mavericks guard Delon Wright is headed to Detroit as a part of a three-team trade with OKC, source tells ESPN. Detroit's Trevor Ariza is going to the Mavericks. https://t.co/TExRzOlzsP",https://twitter.com/wojespn/status/1330030918459936769,,,,,,,
"Deal has a lot of moving parts and still has work to finish, per sources. https://t.co/88DcVcR1TV",https://twitter.com/wojespn/status/1330029298355494915,,,,,,,
"OKC is trading James Johnson to the Dallas Mavericks, sources tell ESPN.",https://twitter.com/wojespn/status/1330029078955560961,,,,,,,
"New Orleans and Milwaukee are expanding the original Jrue Holiday trade to include more teams and players, including the routing of Steven Adams to the Pelicans, sources tell ESPN. Talks are moving toward a possible four-team trade.",https://twitter.com/wojespn/status/1330028860042326023,,,,,,,
"Player option on the second year, his agents tell ESPN. https://t.co/4sWp1un9Xb",https://twitter.com/wojespn/status/1330016853041819650,,,,,,,
"Free agent G Pat Connaughton has agreed to a two-year, $8.3M deal to return to the Milwaukee Bucks, agents Jeff Schwartz and Jordan Gertler of @excelsm_bball tell ESPN.",https://twitter.com/wojespn/status/1330016636942868480,,,,,,,
One of the Clippers top priorities in offseason https://t.co/ReGypVCRPb,https://twitter.com/wojespn/status/1329999375951663104,,,,,,,
"Deal: 4 years, $64M, per source. https://t.co/w8keZqg6hE",https://twitter.com/wojespn/status/1329997833857077255,,,,,,,
"Free agent Marcus Morris has agreed to return to the Clippers, source tells ESPN.",https://twitter.com/wojespn/status/1329997776227348480,,,,,,,
"Deal expected to be completed with a sign-and-trade via Detroit, per source. https://t.co/TALHbm9OlP",https://twitter.com/wojespn/status/1329987097864908800,,,,,,,
"Free agent F Christian Wood has agreed to a three-year, $41M deal with the Houston Rockets, sources tell ESPN.",https://twitter.com/wojespn/status/1329986312720551945,,,,,,,
"Free agent Garrett Temple has agreed to a one-year, $5M deal with Chicago, agent Mark Bartelstein of @PrioritySports tells ESPN.",https://twitter.com/wojespn/status/1329984142835060736,,,,,,,
"Free agent guard Joe Harris has agreed to a four-year, $75M deal to return to the Brooklyn Nets, his agent Mark Bartelstein @PrioritySports tells ESPN.",https://twitter.com/wojespn/status/1329983070389362692,,,,,,,
"Free agent Alec Burks has agreed to a one-year, $6M deal with the New York Knicks, agent Alex Saratsis tells @ZachLowe_NBA and me.",https://twitter.com/wojespn/status/1329981725838086144,,,,,,,
"Free agent forward Davis Bertans has agreed to a 5-year, $80M deal to return to the Washington Wizards, his agent @ArtursKalnitis tells ESPN. Deal includes an ETO after fourth year. One of biggest deals ever for a European-based agent in NBA.",https://twitter.com/wojespn/status/1329981103214645248,,,,,,,
"Two years, $19M-plus for Harrell, Paul says. Lakers use mid-level exception on former Clippers center. https://t.co/LGgEkDaHN6",https://twitter.com/wojespn/status/1329979369884962816,,,,,,,
Deal includes an option on second year. https://t.co/pw2CcXYNJx,https://twitter.com/wojespn/status/1329979108617490440,,,,,,,
"Free agent Montrezl Harrell has agreed to a two-year deal with the Los Angeles Lakers, agent Rich Paul of @KlutchSports tells ESPN.",https://twitter.com/wojespn/status/1329978877989580801,,,,,,,
"His agent, Sean Kennedy of @excelsm_bball, confirms deal now.",https://twitter.com/wojespn/status/1329969866187673601,,,,,,,
"Free agent PF Anthony Gill has agreed to a two-year deal with the Washington Wizards, agent Sean Kennedy of 
 @excelsm_bball tells ESPN. Gill played in Khimki of the EuroLeague last season.",https://twitter.com/wojespn/status/1329969048914960384,,,,,,,
Interesting on Gallo deal with Hawks: Most ever on a multi-year deal for a 30-plus player without an All-Star appearance. https://t.co/jH0BrgD4Tc,https://twitter.com/wojespn/status/1329961974462025728,,,,,,,
"Second year on Hood deal is non-guaranteed, per source. https://t.co/BuSgwNbe19",https://twitter.com/wojespn/status/1329961453206589441,,,,,,,
"Free agent F Rodney Hood is returning to the Portland Trail Blazers on a two-year, $21M deal, sources tell ESPN.",https://twitter.com/wojespn/status/1329961356188069888,,,,,,,
"Significant addition for the Hawks, who are committed to trying to surround Trae Young and a young core with high-level veterans to push closer to the playoffs. https://t.co/jH0BrgD4Tc",https://twitter.com/wojespn/status/1329960261365747714,,,,,,,
"Free agent F Danilo Gallinari is finalizing a three-year, $61.5M contract with the Atlanta Hawks, his agent Michael Tellem of CAA Sports tells ESPN.",https://twitter.com/wojespn/status/1329960035837939712,,,,,,,
Dwane Casey could be an ideal coach for Jackson as he tries to gather traction in his career. He was raised in Detroit. https://t.co/8IwfrXGY3T,https://twitter.com/wojespn/status/1329957966737526787,,,,,,,
"Jackson, 23, was the fourth overall pick in the 2017 Draft to the Suns. He spent last season with Memphis, splitting the season between the G League and Grizzlies. https://t.co/8IwfrXGY3T",https://twitter.com/wojespn/status/1329957585961816064,,,,,,,
"Free agent F Josh Jackson is finalizing a deal with the Detroit Pistons, sources tell ESPN.",https://twitter.com/wojespn/status/1329957091759546369,,,,,,,
"Among contenders in both conferences, an aggressive early pursuit to lure free agent Serge Ibaka out of Toronto, sources tell ESPN. Of course, the Raptors have strong interest in keep him too.",https://twitter.com/wojespn/status/1329948030569689089,3,,,,,,
Breaking down the Gordon Hayward free agency with @KNegandhiESPN https://t.co/2jlWiws7rG,https://twitter.com/wojespn/status/1329946670956761088,,,,,,,
Jazz were determined to re-sign Clarkson after his trade from Cleveland last season. He became an elite bench scorer for Quin Snyder: 15.6 PPG in 42 games. https://t.co/E3UNSrUzIy,https://twitter.com/wojespn/status/1329944843095855106,,,,,,,
"Free agent Jordan Clarkson has agreed to a four-year, $52M deal with the Utah Jazz, his agent Rich Paul of Klutch Sports tells ESPN.",https://twitter.com/wojespn/status/1329943993577299969,,,,,,,
"Free agent F Patrick Patterson is returning to the Los Angeles Clippers on a one-year deal, his agent Sam Goldfeder of @excelsm_bball tells ESPN.",https://twitter.com/wojespn/status/1329940403571859457,,,,,,,
"Free agent center Jahlil Okafor has agreed to a two-year deal with the Detroit Pistons, sources tell ESPN.",https://twitter.com/wojespn/status/1329938585043267584,,,,,,,
"Free agent center Mason Plumlee has agreed to a three-year, $25M deal with the Detroit Pistons, his agent Mark Bartelstein of @PrioritySports tells ESPN.",https://twitter.com/wojespn/status/1329933651757457408,,,,,,,
"This isn't an easy free agent market for centers, but here's a former All-Star getting some early attention tonight, per sources: DeMarcus Cousins.",https://twitter.com/wojespn/status/1329932030168211458,,,,,,,
"Forward/Center Drew Eubanks has agreed to a new three-year contract to stay with the San Antonio Spurs, his agent @JamesDunleavy3 of @excelsm_bball tells ESPN.",https://twitter.com/wojespn/status/1329929927181934596,,,,,,,
"Real Madrid guard Facundo Campazzo has agreed to a two-year deal with the Denver Nuggets, his agent Alex Saratsis tells ESPN.",https://twitter.com/wojespn/status/1329927890222280706,,,,,,,
"The Meyers Leonard two-year deal with Miami is worth nearly $20M, @caa_sports agents Aaron Mintz and Dave Spahn tell ESPN.",https://twitter.com/wojespn/status/1329926543410302976,,,,,,,
"Opening up NBA free agency on @sportscenter now, including the latest on Gordon Hayward.",https://twitter.com/wojespn/status/1329922421047037957,,,,,,,
"Kanter ($5M) slides into Portland's $7M trade exception and resumes the model at center -- Nurkic and Kanter -- that helped lead Portland to WCF. Nurkic got hurt late that season, but now he'll be starter with Kanter as backup. Zach Collins is recovering from ankle surgery. https://t.co/2bK5jvWE3F",https://twitter.com/wojespn/status/1329891040740794368,,,,,,,
"Kanter returns to the Blazers, where he had a terrific stretch after signing as a buyout free agent in 2019: 13 points, 8.6 rebounds in 23 games. https://t.co/2bK5jvWE3F",https://twitter.com/wojespn/status/1329888703116767233,,,,,,,
"Portland is acquiring Boston's Enes Kanter in a three-way deal with Memphis, sources tell ESPN. Memphis gets Mario Hezonjia and 30th pick (Desmond Bane) from draft night deal as part of trade too. Celtics get a future Memphis draft consideration.",https://twitter.com/wojespn/status/1329888113519259650,,,,,,,
"ESPN Sources: Anthony Davis is on course to return to the Lakers, but don't expect a formal commitment in the immediate hours and days after free agency opens. Davis will take time to consider the structure and length of a new max contract. https://t.co/nHBQfBGwJq",https://twitter.com/wojespn/status/1329824350594347009,,,,,,,
"ESPN story on Golden State finalizing trade to acquire OKC‚Äôs Kelly Oubre Jr., for a 2021 protected first-round pick: https://t.co/KFe5UvvReP",https://twitter.com/wojespn/status/1329617937716703232,,,,,,,
"The Thunder will create a $14.4M trade exception in the deal, per @BobbyMarks42. https://t.co/QmJ3C0A2B4",https://twitter.com/wojespn/status/1329609112783622145,,,,,,,
"Sources: The Warriors will only convey that first-round pick next season should they finish 21-to-30 in the final regular season standings. If the Warriors land in the top 20, they‚Äôll send two second-round picks to OKC. https://t.co/ltzvx7cIhQ",https://twitter.com/wojespn/status/1329607368527712260,,,,,,,
"The Golden State Warriors are finalizing a trade to acquire Oklahoma City Thunder forward Kelly Oubre, Jr., for a 2021 protected first-round pick, sources tell ESPN.",https://twitter.com/wojespn/status/1329606925940633601,,,,,,,
"The Detroit Pistons aren't extending a qualifying offer to Thon Maker and he'll become an unrestricted free agent, source tells ESPN.",https://twitter.com/wojespn/status/1329567624766894080,,,,,,,
The Jazz save $5M in salary for 2020-2021. Utah is working to re-sign Jordan Clarkson and extensions are on the horizon for Donovan Mitchell and Rudy Gobert. Knicks get the two 2023 second-round picks to take on the salary. https://t.co/pZTs4OmRE0,https://twitter.com/wojespn/status/1329557358314450948,,,,,,,
"The Utah Jazz are trading Ed Davis and two 2023 second-round picks to the New York Knicks, sources tell @WindhorstESPN and me.",https://twitter.com/wojespn/status/1329556734977970179,,,,,,,
"The Warriors will absorb Oubre Jr., and his $14.4M salary into their $17.2M trade exception once deal is done. https://t.co/GcLaIlnwNF",https://twitter.com/wojespn/status/1329545263967588352,,,,,,,
"Golden State is nearing a deal with Oklahoma City to acquire Kelly Oubre Jr., sources tells ESPN.",https://twitter.com/wojespn/status/1329544608922144772,,,,,,,
"The Phoenix Suns are declining the $5.2M team option on Frank Kaminsky, making him an unrestricted free agent, source tells ESPN.",https://twitter.com/wojespn/status/1329536427051397123,,,,,,,
"Boston has declined a qualifying offer to guard Brad Wanamaker, making him an unrestricted free agent, source tells ESPN.",https://twitter.com/wojespn/status/1329532303811506183,,,,,,,
"Detroit is trading Khyri Thomas and Tony Snell to Atlanta for Dewayne Dedmon, sources tell ESPN.",https://twitter.com/wojespn/status/1329518171389382662,,,,,,,
"The Brooklyn Nets are declining Garrett Temple's option for the 2020-2021 season, source tells ESPN. He will become a free agent.",https://twitter.com/wojespn/status/1329512593208324097,,,,,,,
Source: Warriors' Thompson suffers Achilles tear - via @ESPN App https://t.co/Ft9wqtXdSB,https://twitter.com/wojespn/status/1329500908502310914,2,,,,,,
"Based on the type of tear, Thompson has been told to expect that he will make a full recovery, a source tells ESPN. https://t.co/wFA1AZREDe",https://twitter.com/wojespn/status/1329498145773019136,,,,,,,
Source: Golden State‚Äôs Klay Thompson has suffered a season-ending Achilles tear.,https://twitter.com/wojespn/status/1329492642896470016,2,,,,,,
"Undrafted William &amp; Mary center Nathan Knight is signing a two-way deal with the Atlanta Hawks, source tells ESPN.",https://twitter.com/wojespn/status/1329477504978051074,,,,,,,
"Forward Mike Muscala has exercised his player option to return to Oklahoma City this season, source tells ESPN.",https://twitter.com/wojespn/status/1329476948914003977,,,,,,,
"Miami's Kelly Olynyk has exercised his $13.6M player option for the 2020-21 season, source tells ESPN",https://twitter.com/wojespn/status/1329464147256496128,,,,,,,
"The WCC‚Äôs Defensive Player of the Year ‚Äî guard Jahlil Tripp of Pacific ‚Äî is signing an Exhibit 10 deal with the Memphis Grizzlies, his agent Daniel Green tells ESPN.",https://twitter.com/wojespn/status/1329312312717619200,,,,,,,
Former Delaware and UAB guard ...,https://twitter.com/wojespn/status/1329309857623707650,,,,,,,
"UAB guard Nate Darling is signing a two-way deal with Charlotte, his agents Mike George and Nate Daniels of @OneLegacySports tell ESPN.",https://twitter.com/wojespn/status/1329303903087816704,,,,,,,
"French F Killian Tillie of Gonzaga is signing a two-way deal with the Memphis Grizzlies, his agent Andy Shiffman of @PrioritySports tells ESPN.",https://twitter.com/wojespn/status/1329299441216606208,,,,,,,
"Undrafted Kansas guard Devon Dotson is signing with the Chicago Bulls, source tells ESPN. Dotson is a Chicago native who grew up idolizing Derrick Rose.",https://twitter.com/wojespn/status/1329296420382388227,,,,,,,
"Portland is targeting CJ Elleby at No. 46, per source.",https://twitter.com/wojespn/status/1329282348530208768,,,,,,,
"The Bucks are targeting Jordan Nwora at 45, per source.",https://twitter.com/wojespn/status/1329282199175241728,,,,,,,
"The Bulls are targeting Marko Simonovic at No. 44, source tells ESPN.",https://twitter.com/wojespn/status/1329281721796276229,,,,,,,
Kings at No. 43.,https://twitter.com/wojespn/status/1329280999990190081,,,,,,,
"The Kings are targeting Jahmi'us Ramsey, per source.",https://twitter.com/wojespn/status/1329280872634331138,,,,,,,
"Pelicans are targeting Nick Richards at No. 42, per source.",https://twitter.com/wojespn/status/1329280491707641859,,,,,,,
"Spurs are targeting Tre Jones at No. 41, per source.",https://twitter.com/wojespn/status/1329280153688608773,,,,,,,
ZREJCI,https://twitter.com/wojespn/status/1329280065490849792,,,,,,,
"Krejchi is on the move to OKC, sources tell ESPN. https://t.co/vo6qThmel9",https://twitter.com/wojespn/status/1329279884112388099,,,,,,,
"Hughes is headed to the Jazz, per source. https://t.co/NFeCnVI23C",https://twitter.com/wojespn/status/1329278798857183234,,,,,,,
Lee goes to the Pistons as part of the Tony Bradley trade. https://t.co/p8Jj8xLpup,https://twitter.com/wojespn/status/1329278677406932992,,,,,,,
"Seth Curry is married coach Doc Rivers' daughter, Callie. https://t.co/2L0ECBq37e",https://twitter.com/wojespn/status/1329275728500830210,0,,,,,,
"Dallas is acquiring Philadelphia's Josh Richardson and No. 36 pick for Seth Curry, source tells ESPN.",https://twitter.com/wojespn/status/1329275500565557251,,,,,,,
"The Knicks are targeting Daniel Oturu at No. 33, source tells ESPN.",https://twitter.com/wojespn/status/1329274860485423105,,,,,,,
"Charlotte is targeting Duke's Vernon Carey Jr. at No. 32, per source.",https://twitter.com/wojespn/status/1329274109004558337,,,,,,,
"Grizzlies are targeting Desmond Bane here, per source.",https://twitter.com/wojespn/status/1329271617973837824,,,,,,,
"No. 30 is headed to Memphis, per source. https://t.co/0Eyj2JxXBa",https://twitter.com/wojespn/status/1329271439502036994,,,,,,,
"Boston is moving the 30th pick, per source.",https://twitter.com/wojespn/status/1329271078997340160,,,,,,,
"Toronto is targeting Malachi Flynn at No. 29, source tells ESPN.",https://twitter.com/wojespn/status/1329270657205604354,,,,,,,
"Of course, McDaniels is a PF. Edwards, Bolmare and Rubio are guards.",https://twitter.com/wojespn/status/1329270110851387394,,,,,,,
"Rosas has reshaped the Timberwolves perimeter talent tonight: Drafting Anthony Edwards, Leandro Bolmare, Jaden McDaniels in the first round -- and acquiring Ricky Rubio. https://t.co/8ORyghQ7Io",https://twitter.com/wojespn/status/1329269211357712385,,,,,,,
"The Timberwolves are targeting Jaden McDaniels at No. 28, source tells ESPN.",https://twitter.com/wojespn/status/1329268581696155653,,,,,,,
"Pistons will send cash to the Jazz too, per source. https://t.co/1EEckehXdW",https://twitter.com/wojespn/status/1329267775043407874,,,,,,,
"The Utah Jazz have agreed to trade C Tony Bradley and the 38th pick to the Detroit Pistons for future considerations, sources tell ESPN.",https://twitter.com/wojespn/status/1329267542716805123,,,,,,,
"Utah is targeting Udoka Azubuike at No. 27, source tells ESPN&gt;",https://twitter.com/wojespn/status/1329267194602139650,3,,,,,,
"Boston is targeting Payton Pritchard at 26, source tells ESPN.",https://twitter.com/wojespn/status/1329266407662645248,3,,,,,,
"New Orleans is selecting RJ Hampton for the Nuggets, source tells ESPN.",https://twitter.com/wojespn/status/1329264380882677770,,,,,,,
"As Windhorst says, Knicks are sending Bolmaro to Minny for No. 25 and 33. https://t.co/oXEtHj9kyk",https://twitter.com/wojespn/status/1329263942452043776,,,,,,,
"Bolmaro is going to Minnesota in a trade, per source.",https://twitter.com/wojespn/status/1329263647324057601,,,,,,,
Bolmaro is an Argentinian guard. https://t.co/8GnZ3qS8dp,https://twitter.com/wojespn/status/1329263132771045376,,,,,,,
"The Knicks are targeting Leandro Bolmaro at No. 23, source tells ESPN. New York selected Obi Toppin at No. 8.",https://twitter.com/wojespn/status/1329262948813070340,3,,,,,,
"Denver is targeting Zeke Nnaji at No. 22, source tells ESPN.",https://twitter.com/wojespn/status/1329261322777866240,3,,,,,,
"The Sixers are targeting Tyrese Maxey at No. 21, source tells ESPN.",https://twitter.com/wojespn/status/1329259692640657408,3,,,,,,
"Miami is targeting Precious Achiuwa at No. 20, source tells ESPN.",https://twitter.com/wojespn/status/1329257904051023873,3,,,,,,
"Rodney McGruder is leaving the Clippers for the Pistons as part of the three-team deal with the Nets, sources tell ESPN.",https://twitter.com/wojespn/status/1329257248514842624,,,,,,,
"Detroit is targeting Saddiq Bey at No. 19, source tells ESPN.",https://twitter.com/wojespn/status/1329256192523300869,,,,,,,
"The Pistons will get the No. 19 pick, giving them three in the Top 20 now, per source.",https://twitter.com/wojespn/status/1329255288856334336,,,,,,,
"This is a three-way deal that includes the Pistons, with Luke Kennard heading to the Clippers, sources tell ESPN. https://t.co/Nmt9zcRIUE",https://twitter.com/wojespn/status/1329254968780595205,,,,,,,
"The Clippers are trading Landry Shamet to the Nets for No. 19, source tells ESPN.",https://twitter.com/wojespn/status/1329254227546427392,4,,,,,,
"Oklahoma City is targeting Serbia PF Aleksej Pokusevski at No. 17, source tells ESPN.",https://twitter.com/wojespn/status/1329253415923355650,3,,,,,,
Detroit GM Troy Weaver worked with Stewart's college coach - UW's Mike Hopkins - Syracuse as an assistant coach before coming to the NBA. https://t.co/HRUSLhC6gp,https://twitter.com/wojespn/status/1329252057845551105,,,,,,,
"Detroit is targeting center Isaiah Stewart with No. 16, source tells ESPN.",https://twitter.com/wojespn/status/1329251738700943362,3,,,,,,
"Minnesota is acquiring Oklahoma City's Ricky Rubio, the 25th and 28th picks for a package that includes the No. 17 pick, sources tell ESPN.",https://twitter.com/wojespn/status/1329251174067920904,4,,,,,,
"Orlando is targeting Cole Anthony at No. 15, source tells ESPN.",https://twitter.com/wojespn/status/1329249831634808832,3,,,,,,
"Boston is targeting Aaron Nesmith at No. 14, source tell ESPN.",https://twitter.com/wojespn/status/1329249265693159424,3,,,,,,
@BonniesMBB @atlantic10 !!!,https://twitter.com/wojespn/status/1329248600912703488,,,,,,,
"New Orleans is targeting Kira Lewis at No. 13, source tells ESPN.",https://twitter.com/wojespn/status/1329248267893415942,3,,,,,,
"New Orleans has been discussing trade scenarios with the No. 13 pick, sources tell ESPN.",https://twitter.com/wojespn/status/1329246799748542464,3,,,,,,
"The Kings never imagined Tyrese Haliburton could get to them at No. 12, sources tell ESPN, but...here he comes.",https://twitter.com/wojespn/status/1329246331878182914,3,,,,,,
"Spurs are targeting Devin Vassell at 11, per source.",https://twitter.com/wojespn/status/1329245864141971456,3,,,,,,
"The Suns are targeting Jalen Smith at No. 10, source tells ESPN.",https://twitter.com/wojespn/status/1329244055478394881,3,,,,,,
"Few had expected that Deni Avdija would be available for Washington at No. 9, but it appears he could make it past the Knicks to them. He's been high on Wizards board, per sources.",https://twitter.com/wojespn/status/1329240139827187715,3,,,,,,
"New York has long been excited that Dayton's Obi Toppin might drop to them at No. 8, sources tell ESPN. He's almost there.",https://twitter.com/wojespn/status/1329239294519685120,3,,,,,,
"Detroit is targeting Killian Hayes at No. 7, source tells ESPN.",https://twitter.com/wojespn/status/1329238056185065472,3,,,,,,
"The Hawks are targeting Oneyka Okongwu with No. 6, per source.",https://twitter.com/wojespn/status/1329237211720671233,3,,,,,,
"Cleveland is targeting Isaac Okoro with No. 5, source tells ESPN.",https://twitter.com/wojespn/status/1329236365041610755,3,,,,,,
"Cleveland continues to field trade offers for the No. 5 pick, sources tell ESPN.",https://twitter.com/wojespn/status/1329234733981708288,3,,,,,,
"The Chicago Bulls are targeting Patrick Williams with No. 4, per source.",https://twitter.com/wojespn/status/1329234505069191169,3,,,,,,
@ZachLowe_NBA Stop it.,https://twitter.com/wojespn/status/1329233486188666883,5,,,,,,
"Charlotte is focused on LaMelo Ball with the No. 3 pick, sources tell ESPN.",https://twitter.com/wojespn/status/1329231944933117954,3,,,,,,
"Golden State is targeting James Wiseman with the No. 2 pick, per sources.",https://twitter.com/wojespn/status/1329231585116348417,3,,,,,,
"Emerging at the top of the Timberwolves draft board for No. 1: Anthony Edwards, per sources.",https://twitter.com/wojespn/status/1329230461340704769,3,,,,,,
"The Timberwolves remain on the phones discussing possible trade scenarios with the No. 1 overall pick, sources tell ESPN. Gersson Rosas' plan had always been to take this down to the wire and that's what's happening now.",https://twitter.com/wojespn/status/1329228221682946052,3,,,,,,
"The Kings and Milwaukee Bucks had hoped to bring Bogdanovic the framework of a sign-and-trade to negotiate a Bodanovic contract with Milwaukee on Friday, but he will move into the marketplace to find an offer sheet or seek out other sign-and-trade scenarios, sources said. https://t.co/KDlBiLcaBs",https://twitter.com/wojespn/status/1329219843678203906,3,,,,,,
"Sacramento Kings forward Bogdan Bogdanovic plans to enter restricted free agency on Friday at 6 PM ET, sources tell ESPN.",https://twitter.com/wojespn/status/1329219522600050688,0,,,,,,
"In his first draft as Pistons GM, Troy Weaver will be picking at Nos. 7 and 16. His mandate has been to restore the franchise's base of young talent and he'll get a chance to impact that beginning with tonight's draft.",https://twitter.com/wojespn/status/1329211501907992577,5,,,,,,
"The Rockets are purchasing Detroit's 2021 second-round pick -- via the Lakers -- for $4.6M, sources tell ESPN.",https://twitter.com/wojespn/status/1329211024562671617,4,,,,,,
"Houston is trading Trevor Ariza and the No. 16 pick tonight to Detroit for a future first-round pick, sources tell ESPN. The deal gives the Rockets - a hard-capped team -- the freedom to use their mid-level exception in free agency.",https://twitter.com/wojespn/status/1329210516900864000,4,,,,,,
"Thompson's possible injury involves his lower right leg today, source tells ESPN. Again, his ACL had been on his left knee. https://t.co/V5JTcG9pBy",https://twitter.com/wojespn/status/1329208285237555208,2,,,,,,
"Golden State G Klay Thompson will undergo testing within the next few days on a leg injury suffered in a workout in Southern California today, sources tell ESPN. The severity of the injury is unclear. Thompson missed the 2019-2020 season with a torn ACL in his left knee.",https://twitter.com/wojespn/status/1329207114913472513,2,,,,,,
"The Thunder will have three picks in the top 34 tonight, including Nos. 25 and 28.",https://twitter.com/wojespn/status/1329191386051203076,5,,,,,,
"The Sixers are also sending the rights to Serbian point guard Vasilije Micic to the Thunder, sources tell ESPN. Micic, 26, is considered one of Europe's top point guards. https://t.co/NXEzcdyoTH",https://twitter.com/wojespn/status/1329191170560434186,4,,,,,,
"The Sixers are sending a lightly-protected 2025 first-round pick and the 34th overall pick in tonight's draft, sources tell ESPN. The Thunder are also sending Terrance Ferguson to the Sixers with Green. https://t.co/sDCfPo4T4L",https://twitter.com/wojespn/status/1329190821493661702,4,,,,,,
"The Sixers are trading Al Horford and a first-round and second-round pick to the Thunder for Danny Green, sources tell ESPN.",https://twitter.com/wojespn/status/1329188492912578568,4,,,,,,
Moving up four spots to No. 23 strengthens the Knicks ability to package that and No. 8 to target a pick/player above them on the board tonight. https://t.co/pVq8xKr8HN,https://twitter.com/wojespn/status/1329082439222759425,5,,,,,,
"ESPN Sources: The New York Knicks are moving up in Wednesday‚Äôs NBA Draft, acquiring the Utah Jazz‚Äôs pick at No. 23 for the 27th and 38th picks tonight. Knicks are now picking at Nos. 8 and No. 23. https://t.co/fjVHs85nY5",https://twitter.com/wojespn/status/1329067467814154240,5,,,,,,
John Hammond On drafting Giannis https://t.co/mLakeHUYsU https://t.co/zxgbPv1Nqb,https://twitter.com/wojespn/status/1328793203345076230,5,,,,,,
"Portland Trail Blazers F Rodney Hood is declining his $6M player option and becoming a free agent, sources tell ESPN. Hood‚Äôs had nearly a full year to recover from a torn Achilles injury and can play right away with a new team.",https://twitter.com/wojespn/status/1328758444116086785,4,,,,,,
"After promising to deliver Giannis a reshaped supporting cast prior to his extension decision, the Bucks make moves for Jrue Holiday and Bogdan Bogdanovic. Story on ESPN: https://t.co/IPqCbVYPqY",https://twitter.com/wojespn/status/1328619251117252608,5,,,,,,